epoch,train_loss_depth,train_loss_mask,train_loss,val_loss_depth,val_loss_mask,val_loss
0,0.044489289024842706,0.16805498277248382,0.21254427201718873,0.03993670163253064,0.15144606396160296,0.1913827640117094
1,0.041687640964391266,0.1551051901434234,0.19679283049220048,0.03859202612114515,0.14651516264518805,0.18510718753555883
2,0.04085117202542093,0.1522352875752099,0.1930864598644655,0.04546336790101718,0.14974328128285816,0.19520664637067678
