epoch,train_loss_depth,train_loss_mask,train_loss,val_loss_depth,val_loss_mask,val_loss
0,0.04444714139546472,0.1651767961480265,0.20962393622431796,0.04141737859157686,0.1504969435103875,0.19191432210196435
1,0.04116731383008123,0.15439743276277357,0.19556474668079968,0.03843413781275792,0.1473925915439572,0.1858267277742909
2,0.04054140811562758,0.1519468980097586,0.19248830660908303,0.04039364789439514,0.14640028990123827,0.18679394060883198
